5930,삼성전자,11263169,954269236400 
660,SK하이닉스,3108663,435689109500 
35720,카카오,517021,274533270000 
316140,우리금융지주,13192180,136362817410 
17670,SK텔레콤,383589,107279893500 
36570,엔씨소프트,109841,98502533000 
68270,셀트리온,273143,86604475500 
375500,DL이앤씨,508144,63595617000 
270,기아,416307,38306281600 
720,현대건설,810988,36706370250 
11790,SKC,266813,35563896500 
5490,POSCO,101452,34451629500 
35420,NAVER,82968,33185084500 
6360,GS건설,702772,32904502150 
55550,신한지주,820033,30756540650 
207940,삼성바이오로직스,38039,28942908000 
32640,LG유플러스,2278576,28636555000 
5380,현대차,116328,27386213000 
348950,제이알글로벌리츠,5138364,26171845990 
336260,두산퓨얼셀,356936,19117435250 
298020,효성티앤씨,29314,16990825000 
139480,이마트,98074,16748748000 
66570,LG전자,102942,16705269000 
18880,한온시스템,917093,16634890750 
47050,포스코인터내셔널,795244,15893173250 
810,삼성화재,82743,15675246000 
5387,현대차2우B,144100,15093512600 
97950,CJ제일제당,35824,15050137000 
4170,신세계,51823,14666564500 
14680,한솔케미칼,53474,13742590500 
69960,현대백화점,152390,13549897900 
10120,LS ELECTRIC,217680,13266934800 
3550,LG,144056,13232219100 
5385,현대차우,120069,12672933500 
51900,LG생활건강,7797,12289823000 
47040,대우건설,1708532,11740118140 
15760,한국전력,470178,11210330250 
34730,SK,38067,11192834000 
68290,삼성출판사,205401,11187437150 
88980,맥쿼리인프라,927956,10903778750 
241560,두산밥캣,264722,10770237700 
11200,HMM,451962,10140578300 
3670,포스코케미칼,58013,9655812000 
26890,디피씨,517909,9309001300 
24110,기업은행,930824,8582442670 
4000,롯데정밀화학,128622,7942517400 
10130,고려아연,18268,7483135500 
281820,케이씨텍,251284,7429215700 
112610,씨에스윈드,97164,7255609300 
120110,코오롱인더,111343,7019690700 
111770,영원무역,175244,6895263400 
1230,동국제강,382057,6501119600 
21240,코웨이,92218,6223931500 
9470,삼화전기,206137,5977816150 
51915,LG화학우,15135,5951825500 
9420,한올바이오파마,238116,5588878750 
4370,농심,18598,5396279000 
79980,휴비스,550121,5360710310 
69260,휴켐스,236345,5245018250 
6800,미래에셋증권,516675,5225661650 
108670,LG하우시스,57108,5045423100 
344820,케이씨씨글라스,100368,5006873000 
51600,한전KPS,141140,4521844100 
1360,삼성제약,786005,4500509050 
31430,신세계인터내셔날,21812,4499380000 
7070,GS리테일,116754,4404586950 
5940,NH투자증권,360435,4273412000 
5830,DB손해보험,91960,4239444400 
11780,금호석유,18168,4013238500 
28670,팬오션,648680,3919976640 
9830,한화솔루션,81483,3858450550 
7570,일양약품,107401,3620702200 
6280,녹십자,9859,3373763000 
36460,한국가스공사,96524,3286439400 
33270,유나이티드제약,66159,3243073350 
16710,대성홀딩스,106267,3197311950 
3520,영진약품,509833,3183643580 
6840,AK홀딩스,111298,3142281100 
5880,대한해운,1068688,3135441180 
90435,아모레퍼시픽우,37403,3128134400 
12630,HDC,265227,3085120350 
298050,효성첨단소재,7933,3069153500 
20150,일진머티리얼즈,38892,3033655200 
6060,화승인더,358503,2936698800 
93370,후성,280007,2908140750 
2020,코오롱,118177,2855358300 
10780,아이에스동서,47973,2722858200 
5070,코스모신소재,132757,2710142950 
29780,삼성카드,78679,2695586600 
71840,롯데하이마트,66259,2685563200 
69620,대웅제약,20347,2674698500 
28050,삼성엔지니어링,191210,2660054800 
6405,삼성SDI우,5470,2495210500 
145720,덴티움,36748,2447302800 
161390,한국타이어앤테크놀로지,48199,2371770350 
1430,세아베스틸,124520,2347268950 
12750,에스원,28162,2320669900 
24720,한국콜마홀딩스,75982,2234427200 
23590,다우기술,79927,2204120700 
4560,현대비앤지스틸,143239,2070266100 
2360,SH에너지화학,2116167,2061030967 
33240,자화전자,112603,2059174700 
79430,현대리바트,105248,2045702300 
136490,선진,127297,2038656500 
32830,삼성생명,25223,2013164600 
17550,수산중공업,330051,1910131050 
30000,제일기획,85145,1836590300 
3530,한화투자증권,42014,1817290830 
81660,휠라홀딩스,41900,1796702800 
103140,풍산,53699,1789099400 
57050,현대홈쇼핑,21817,1759584100 
36420,제이콘텐트리,34861,1736767750 
4690,삼천리,21228,1674331600 
267270,현대건설기계,32190,1650554900 
82740,HSD엔진,179760,1642574930 
180,성창기업지주,649967,1595173490 
3560,IHQ,723227,1583524590 
4150,한솔홀딩스,392163,1557818655 
42700,한미반도체,53374,1528540050 
213500,한솔제지,105060,1515363250 
5389,현대차3우B,15263,1504659300 
20000,한섬,35898,1483840100 
3920,남양유업,4720,1472957500 
8970,동양철관,1046104,1405466200 
1250,GS글로벌,552418,1400851845 
9460,한창제지,588299,1383116720 
27970,세하,710970,1382894050 
640,동아쏘시오홀딩스,12733,1372313500 
82640,동양생명,309125,1360647130 
298040,효성중공업,17573,1315126000 
39490,키움증권,10098,1296296500 
23960,에쓰씨엔지니어링,281298,1233245610 
1720,신영증권,21346,1227040000 
25820,이구산업,434041,1226913755 
1800,오리온홀딩스,81832,1208610500 
8350,남선알미늄,330014,1208241450 
280360,롯데제과,8936,1206730000 
71055,한국금융지주우,16860,1201232000 
4060,SG세계물산,1583538,1196611654 
293480,하나제약,48088,1190854700 
115390,락앤락,79967,1183582100 
133820,화인베스틸,441801,1170582785 
31820,콤텍시스템,758339,1169122030 
229640,LS전선아시아,150180,1166954790 
35150,백산,113259,1154721398 
17800,현대엘리베이,25141,1138771800 
1520,동양,788083,1126056750 
60980,한라홀딩스,26895,1106496000 
12800,대창,600709,1098405315 
2310,아세아제지,22505,1089885600 
1380,SG충방,325188,1084900565 
298000,효성화학,3785,1083706500 
282330,BGF리테일,6617,1076546500 
244920,에이플러스에셋,125928,1074544400 
83420,그린케미칼,74948,1071846950 
3160,디아이,147991,1033237320 
29460,케이씨,36351,1019982850 
72130,유엔젤,237145,1016069185 
9155,삼성전기우,8747,1009186500 
195870,해성디에스,28001,985633050 
13890,지누스,12186,974714800 
10600,웰바이오텍,336159,959570495 
7690,국도화학,13441,958353500 
192400,쿠쿠홀딩스,7734,958117000 
4250,NPC,222754,956262710 
9190,대양금속,228678,937217930 
16610,DB금융투자,143592,930959420 
2150,도화엔지니어링,103721,916494350 
11760,현대코퍼레이션,46590,912152500 
63160,종근당바이오,16537,909174400 
1340,백광산업,189025,893251415 
17810,풀무원,49287,876451950 
214390,경보제약,71377,874184700 
6220,제주은행,116523,871264770 
2140,고려산업,198705,861092885 
5945,NH투자증권우,87631,858274590 
700,유수홀딩스,128593,856680120 
15590,큐로,1304664,855237249 
1790,대한제당,26891,850221950 
8930,한미사이언스,14470,844743600 
970,한국주철관,91211,844256200 
13580,계룡건설,25932,835934700 
150,두산,16689,833974750 
5390,신성통상,511454,828099235 
92440,기신정기,145900,822566320 
47810,한국항공우주,22098,822024450 
5750,대림B&Co,118438,819395200 
8600,윌비스,483675,814750370 
93050,LF,50231,799734650 
12690,모나리자,150606,798990190 
29530,신도리코,25751,789358300 
322000,현대에너지솔루션,22010,788675000 
3690,코리안리,90759,767505090 
25560,미래산업,228539,751912905 
3090,대웅,25844,741134550 
145210,세화아이엠씨,1097790,722134828 
5690,파미셀,50384,715470900 
120030,조선선재,5294,712257500 
2990,금호산업,75384,711948960 
12160,영흥,574780,681370270 
890,보해양조,607135,661287615 
97955,CJ제일제당 우,3511,660680000 
20,동화약품,44474,655909650 
5320,국동,164598,655413880 
185750,종근당,5194,654739500 
910,유니온,78677,652218750 
306200,세아제강,6959,647487000 
2710,TCC스틸,140553,645948755 
69460,대호에이엘,264584,641990270 
2720,국제약품,87024,640498390 
2210,동성제약,52929,633453050 
00680K,미래에셋증권2우B,134166,627921165 
4720,우리들제약,67342,626194940 
210980,SK디앤디,16838,620986300 
1130,대한제분,4012,620056500 
155660,DSR,103571,615221660 
103590,일진전기,157768,613526475 
10660,화천기계,237118,613298215 
3000,부광약품,27092,605272050 
30210,KTB투자증권,69583,603724595 
14580,태경비케이,132366,603162045 
11500,한농화성,40313,602372800 
10040,한국내화,145370,589806590 
25750,한솔홈데코,297045,589129175 
2410,범양건영,148656,576638475 
39130,하나투어,8521,560901000 
30610,교보증권,66227,556685190 
2200,한국수출포장,22385,551381450 
1060,JW중외제약,18264,542800950 
14530,극동유화,95331,541539260 
210540,디와이파워,28551,535851800 
1750,한양증권,39354,530050700 
102280,쌍방울,861482,529115451 
6040,동원산업,2033,524115500 
90370,메타랩스,439535,522234305 
85310,엔케이,388395,519970125 
1880,DL건설,13446,516015650 
390,삼화페인트,43068,509805000 
14820,동원시스템즈,10654,508714650 
58850,KTcs,171497,508411485 
4310,현대약품,67325,505500400 
8700,아남전자,157725,493910150 
3580,넥스트사이언스,60059,491096990 
2840,미원상사,2056,479477500 
69730,DSR제강,84425,477913660 
12030,DB,525334,475026578 
27740,마니커,663606,473252531 
2450,삼익악기,289971,471317270 
91090,세원셀론텍,270809,466743780 
2390,한독,16755,466466250 
28100,동아지질,27109,466028750 
92230,KPX홀딩스,7473,464876600 
1470,삼부토건,241269,463488860 
3650,미창석유,5938,461589500 
3030,세아제강지주,7928,447964100 
14130,한익스프레스,72757,446323060 
3200,일신방직,4561,438007200 
11150,CJ씨푸드,109620,437636805 
12200,계양전기,98171,435037045 
9270,신원,275654,428412300 
3720,삼영화학,155840,423813100 
58860,KTis,141296,421108205 
7460,에이프로젠 KIC,209445,419802260 
32560,황금에스티,48391,414821350 
4100,태양금속,259472,408102890 
1940,KISCO홀딩스,22771,405561350 
286940,롯데정보통신,10566,405170950 
1795,대한제당우,12734,402216900 
17180,명문제약,77022,398672970 
430,대원강업,88391,394521740 
2960,한국쉘석유,1506,383761000 
6090,사조오양,35245,383022100 
8730,율촌화학,18973,380521400 
3780,진양산업,10187,380295120 
1680,대상,14881,376816500 
90430,아모레퍼시픽,511,373356500 
101060,SBS미디어홀딩스,183249,372476525 
16880,웅진,111278,366462800 
9310,참엔지니어링,234950,361988855 
37550K,DL이앤씨우,4714,358481700 
234080,JW생명과학,19190,357137100 
95570,AJ네트웍스,70892,356435630 
363280,티와이홀딩스,11577,349560200 
128820,대성산업,78151,347368470 
33920,무학,47296,347335280 
14440,영보화학,80859,344523840 
130660,한전산업,73391,341933925 
11090,에넥스,196186,341608775 
9580,무림P&P,73583,339204665 
192650,드림텍,39242,334695630 
41650,상신브레이크,77967,333564945 
5110,한창,271330,332767085 
2760,보락,150134,331760975 
122900,아이마켓코리아,35768,330752780 
670,영풍,557,328608000 
77970,STX엔진,40108,326929240 
3060,에이프로젠제약,279718,322287815 
8775,호텔신라우,3673,314023400 
100840,SNT에너지,17894,313837300 
40,KR모터스,227214,308175150 
1570,금양,69057,308113785 
23150,MH에탄올,35011,306542470 
12610,경인양행,44741,305814960 
84680,이월드,94011,305457160 
66575,LG전자우,4705,300929400 
194370,제이에스코퍼레이션,16720,297811750 
282690,동아타이어,26114,297318800 
14910,성문전자,134685,292443125 
15350,부산가스,5132,292083800 
365550,ESR켄달스퀘어리츠,47935,292073480 
17940,E1,6551,289576150 
128940,한미약품,1073,286958500 
7540,샘표,5425,285842600 
1780,알루코,55038,283810805 
11280,태림포장,57446,282735330 
9160,SIMPAC,83178,281112600 
7590,동방아그로,39144,275785520 
15890,태경산업,40092,269682330 
267260,현대일렉트릭,13529,269032150 
118000,우리들휴브레인,123429,268241190 
3680,한성기업,32771,265301920 
34310,NICE,16014,260433950 
6110,삼아알미늄,27499,258977830 
1290,상상인증권,196197,253980955 
30720,동원수산,28030,251314340 
70960,용평리조트,49520,246529430 
138490,코오롱플라스틱,38672,241207830 
9835,한화솔루션우,4146,237703400 
320,노루홀딩스,18092,236794350 
11785,금호석유우,2292,230591000 
13570,디와이,39737,229519100 
3960,사조대림,12498,228263550 
25620,제이준코스메틱,136116,227616445 
1420,태원물산,49105,220267455 
13870,지엠비코리아,28677,219753100 
100220,비상교육,30913,219516780 
3610,방림,92540,217037020 
92200,디아이씨,65627,215998305 
9290,광동제약,24559,215796110 
3080,성보화학,50370,212106070 
3300,한일홀딩스,15998,203729200 
79160,CJ CGV,8082,198179400 
18470,조일알미늄,310996,195480328 
18500,동원금속,175067,195063410 
6125,SK디스커버리우,4730,193027050 
227840,현대코퍼레이션홀딩스,13447,192659400 
12280,영화금속,101267,191534085 
11810,STX,32096,189901840 
268280,미원에스씨,1025,181730500 
15260,에이엔피,122033,179270580 
11330,유니켐,107307,171823530 
1820,삼화콘덴서,2142,171770800 
3555,LG우,2380,170700900 
71970,STX중공업,41415,169436485 
97230,한진중공업,21984,168189250 
271980,제일약품,3428,167327400 
8870,금비,2354,164958000 
5720,넥센,34263,164659585 
7280,한국특수형강,150332,163881665 
10420,한솔PNS,83183,159610300 
2630,오리엔트바이오,128857,159444905 
1080,만호제강,7630,158486650 
1530,DI동일,1013,158442500 
6340,대원전선,109149,158070805 
28513K,SK케미칼우,1647,153462000 
9070,KCTC,25363,151241680 
9450,경동나비엔,2767,151109800 
8040,사조동아원,120465,150822740 
1440,대한전선,198900,150398215 
89470,HDC현대EP,23999,149319660 
12320,경동인베스트,3640,149099050 
272550,삼양패키징,6040,148741400 
520,삼일제약,7352,148640950 
6880,신송홀딩스,30940,148055175 
111110,호전실업,14085,142283290 
850,화천기공,3932,140401650 
58730,다스코,27376,139487040 
2460,화성산업,11115,131900250 
9140,경인전자,4477,131229700 
19685,대교우B,47451,130399210 
357120,코람코에너지리츠,24267,129549940 
1460,BYC,355,129250000 
480,조선내화,1540,127876700 
67830,세이브존I&C,33597,126637435 
7980,태평양물산,90477,126171575 
2025,코오롱우,7014,125933900 
230,일동홀딩스,8396,122509200 
4830,덕성,4828,120522500 
33530,세종공업,11929,120225060 
4840,DRB동일,17896,118948360 
74610,이엔플러스,26773,118900950 
23810,인팩,16148,115983960 
17390,서울가스,1285,115811300 
226320,잇츠한불,4485,115558050 
37270,YG PLUS,23890,113730180 
4920,씨아이테크,101178,112879269 
11230,삼화전자,26999,110760625 
7610,선도전기,31918,109584575 
91810,티웨이항공,39645,109566375 
72710,농심홀딩스,1391,107753200 
144620,코오롱머티리얼,35606,106149075 
9440,KC그린홀딩스,21666,105847450 
214420,토니모리,13847,105815180 
33626K,두산퓨얼셀1우,6838,103466350 
2620,제일파마홀딩스,5377,102574900 
88260,이리츠코크렙,17806,101875850 
1260,남광토건,11226,101497750 
4090,한국석유,1998,100833500 
16580,환인제약,5531,100547450 
5950,이수화학,9443,100236200 
24890,대원화성,45100,99641455 
10640,진양폴리,30798,99550415 
163560,동일고무벨트,10756,97084350 
7110,일신석재,56180,95112765 
69640,한세엠케이,23873,93053545 
134790,시디즈,1429,91021500 
102460,이연제약,4977,89908450 
357250,미래에셋맵스리츠,18009,88643125 
1070,대한방직,2154,87810550 
3475,유안타증권우,21352,86742895 
100250,진양홀딩스,33909,84001835 
51630,진양화학,27373,83898415 
1140,국보,45187,82676780 
10400,우진아이엔에스,9915,82635790 
220,유유제약,11845,80562020 
25860,남해화학,7963,79812520 
3547,대신증권2우B,6894,77836800 
2820,선창산업,13899,74261240 
84870,TBH글로벌,37603,72654190 
267850,아시아나IDT,3300,70343200 
6660,삼성공조,7690,70143670 
15230,대창단조,10690,69788380 
102260,동성코퍼레이션,12609,68340760 
33626L,두산퓨얼셀2우B,3590,66417700 
9540,한국조선해양,1386,66336000 
3120,일성신약,806,66319800 
9770,삼정펄프,2130,65375400 
5305,롯데칠성우,989,64953500 
1550,조비,3045,64770250 
71090,하이스틸,21732,60652825 
4985,성신양회우,4497,58848400 
6380,카프로,15659,55502880 
14280,금강공업,15291,53293260 
16090,대현,24399,52403925 
5430,한국공항,1292,52174850 
4270,남성,26085,51355485 
10770,평화홀딩스,13586,50140045 
155,두산우,1267,50046350 
1725,신영증권우,865,48950000 
17900,광전자,20608,47503310 
5820,원림,2095,46461100 
19440,세아특수강,2913,44892200 
350520,이지스레지던스리츠,9069,44527165 
25890,한국주강,23193,43695450 
4700,조광피혁,789,43581500 
760,이화산업,2031,41210400 
293940,신한알파리츠,4821,36713630 
00279K,아모레G3우(전환),797,33764200 
6570,대림통상,8144,33688295 
7810,코리아써키트,2658,31444450 
3495,대한항공우,766,30818450 
5030,부산주공,46201,30722024 
90080,평화산업,27317,30488645 
378850,화승알앤에이,5183,27848540 
30790,비케이탑스,2820,26848250 
101530,해태제과식품,4078,25917890 
89590,제주항공,1256,24715700 
84670,동양고속,1001,23822050 
35320K,대덕전자1우,3839,22892830 
1620,케이비아이동국실업,24997,22659240 
2810,삼영무역,1368,22408550 
140910,에이리츠,2794,22365560 
308170,센트랄모텍,996,21788550 
140,하이트진로홀딩스,1470,20916400 
3830,대한화섬,153,20816000 
94280,효성ITX,1060,19622800 
25530,SJM홀딩스,5275,19581690 
300,대유플러스,24513,18500070 
9680,모토닉,1504,17910300 
180640,한진칼,1189,17547450 
1210,금호전기,6311,16862360 
3350,한국화장품제조,402,14016100 
5360,모나미,21487,11650640 
249420,일동제약,1105,11504850 
58650,세아홀딩스,135,10967900 
1560,제일연마,1265,10276200 
680,LS네트웍스,3439,9852290 
14285,금강공업우,793,9475500 
34590,인천도시가스,329,8606750 
6370,대구백화점,1017,6965760 
90355,노루페인트우,401,6203650 
78520,에이블씨엔씨,818,5947030 
248170,샘표식품,109,5547000 
9415,태영건설우,2831,4989650 
44820,코스맥스비티아이,391,4802200 
2070,비비안,30722,3936680 
14790,한라,1330,2683810 
2785,진흥기업우B,337,2114580 
338100,NH프라임리츠,428,1939015 
267290,경동도시가스,104,1640000 
4450,삼화왕관,32,1244800 
00499K,롯데지주우,21,1220100 
84695,대상홀딩스우,107,1093020 
78000,텔코웨어,88,1083350 
1270,부국증권,376,530200 
101140,인바이오젠,-4024,265780 
134380,미원화학,2,167800 
4565,현대비앤지스틸우,2,154400 
545,흥국화재우,0,17250 
1515,SK증권우,8,15920 
87,하이트진로2우B,0,2450 
33637L,솔루스첨단소재2우B,0,2150 
1065,JW중외제약우,0,0 
1745,SK네트웍스우,0,0 
2995,금호산업우,0,0 
3925,남양유업우,0,0 
5257,녹십자홀딩스2우,0,0 
23450,동남합성,0,0 
96300,베트남개발1,0,0 
10145,삼성중공우,0,0 
14915,성문전자우,0,0 
7575,일양약품우,0,0 
885,한화우,0,0 
547,흥국화재2우B,-3,-65200 
3075,코오롱글로벌우,-5,-139750 
4105,태양금속우,-60,-186600 
8355,남선알미우,-6,-203400 
9275,신원우,-8,-269450 
5965,동부건설우,-16,-391750 
11155,CJ씨푸드1우,-11,-418000 
4415,서울식품우,-82,-566540 
1020,페이퍼코리아,4865,-721340 
204210,모두투어리츠,-219,-775975 
6345,대원전선우,-408,-1033540 
2787,진흥기업2우B,-84,-1120900 
12205,계양전기우,-269,-1886060 
119650,KC코트렐,922,-3341460 
75180,새론오토모티브,-596,-3549790 
19680,대교,-5185,-4385920 
00104K,CJ4우(전환),-63,-4710300 
123690,한국화장품,-470,-4862700 
14990,인디에프,-4288,-5862270 
2220,한일철강,-1362,-6677980 
5810,풍산홀딩스,-351,-6706500 
2600,조흥,-38,-6953000 
5800,신영와코루,-85,-8551400 
1755,한양증권우,-436,-9308900 
334890,이지스밸류리츠,-2118,-10070905 
33637K,솔루스첨단소재1우,-775,-11543450 
650,천일고속,-170,-12170900 
3220,대원제약,-1143,-13274850 
18064K,한진칼우,-381,-14529050 
00806K,대덕1우,-1789,-15047290 
94800,맵스리얼티1,-3326,-15260620 
15860,일진홀딩스,-2339,-16084500 
400,롯데손해보험,-8425,-16299845 
6740,영풍제지,-218,-17855080 
14710,사조씨푸드,7638,-18885880 
03473K,SK우,-65,-20141500 
5745,크라운해태홀딩스우,-589,-20954550 
68400,SK렌터카,-1990,-21048950 
36530,SNT홀딩스,-1094,-21085200 
8250,이건산업,2040,-22257190 
26490K,크라운제과우,-1685,-24024350 
900140,엘브이엠씨홀딩스,-980,-24173370 
92780,동양피스톤,-4409,-25054110 
317400,자이에스앤디,-1479,-25556300 
370,한화손해보험,1007,-25984335 
17370,우신시스템,-3525,-27427850 
7660,이수페타시스,-7341,-28046375 
33780,KT&G,-1062,-30197200 
78935,GS우,-918,-30453350 
25000,KPX케미칼,-472,-31015700 
215,DL우,-731,-31397500 
19175,신풍제약우,-409,-31882700 
3480,한진중공업홀딩스,-7748,-32694335 
50,경방,-2544,-33054950 
105,유한양행우,-529,-34020500 
10100,한국프랜지,-9484,-34834275 
02826K,삼성물산우B,-294,-35364500 
10690,화신,-5812,-36946330 
13520,화승코퍼레이션,-20353,-36995150 
117580,대성에너지,-7524,-40772250 
33250,체시스,-24775,-41104400 
4890,동일산업,-539,-42638800 
2170,삼양통상,-561,-43406600 
2920,유성기업,-13795,-44910250 
590,CS홀딩스,-544,-45004000 
8060,대덕,-6834,-45457380 
36580,팜스코,-8002,-48643190 
143210,핸즈코퍼레이션,-7280,-49957210 
105630,한세실업,-3554,-51492200 
96775,SK이노베이션우,28,-51837500 
950,전방,-1363,-54056600 
214330,금호에이치티,-25804,-55901940 
5610,SPC삼립,-773,-56132900 
39570,HDC아이콘트롤스,-3836,-57125090 
2880,대유에이텍,-51078,-58806190 
192080,더블유게임즈,4250,-59003200 
2795,아모레G우,-2674,-60556500 
353200,대덕전자,-2684,-60915150 
339770,교촌에프앤비,-3571,-62460850 
123700,SJM,-15377,-67585425 
108675,LG하우시스우,-1769,-67925550 
10960,삼호개발,-14207,-68834290 
21050,서원,-27106,-72450625 
10955,S-Oil우,-1600,-73219650 
4080,신흥,-5627,-74309500 
7340,디티알오토모티브,-2388,-74432450 
4870,티웨이홀딩스,-59286,-83127495 
950210,프레스티지바이오파마,-2998,-83660000 
19490,하이트론,-6137,-84967550 
31440,신세계푸드,-1068,-85076000 
71950,코아스,-69843,-85658825 
9810,엔케이물산,-79968,-88618400 
18250,애경산업,-3759,-91108100 
9320,대우부품,-35591,-93535885 
4960,한신공영,-2680,-96015150 
1685,대상우,-5447,-96822700 
540,흥국화재,-22962,-98063930 
11420,갤럭시아에스엠,-52932,-98399475 
815,삼성화재우,-677,-98561000 
490,대동공업,-6643,-99664110 
2100,경농,-7692,-104626800 
300720,한일시멘트,-578,-105458500 
71320,지역난방공사,-2754,-106679800 
9200,무림페이퍼,-38258,-108345265 
88790,진도,-6319,-110226180 
1200,유진투자증권,12203,-111649915 
77500,유니퀘스트,-9963,-119202900 
8560,메리츠증권,-26261,-119259820 
47400,유니온머티리얼,-30606,-120919485 
36328K,티와이홀딩스우,-5316,-122803700 
129260,인터지스,4294,-126257475 
4835,덕성우,-4089,-127107350 
7120,미래아이앤지,-225837,-127499783 
37710,광주신세계,-778,-134122500 
4910,조광페인트,-7610,-136026600 
5440,현대그린푸드,-11327,-140599110 
240,한국앤컴퍼니,-8453,-146439050 
181710,NHN,-2240,-147703800 
6890,태경케미컬,-11555,-149865200 
19180,티에이치엔,-44961,-150460155 
17040,광명전기,-57399,-153696685 
298690,에어부산,-42861,-157749890 
3570,SNT중공업,-22449,-164081120 
4380,삼익THK,-12224,-165072950 
1045,CJ우,-2933,-168155500 
15360,예스코홀딩스,-5198,-174203400 
35510,신세계 I&C,-1085,-179922000 
4970,신라교역,-16500,-181260150 
53210,스카이라이프,-20926,-183644250 
6200,한국전자홀딩스,-122667,-191172210 
3070,코오롱글로벌,-10676,-195506200 
8490,서흥,-3955,-201642200 
49770,동원F&B,-1086,-207845000 
183190,아세아시멘트,-1384,-208972000 
53690,한미글로벌,-19879,-219819150 
20120,키다리스튜디오,-16004,-220233500 
24090,디씨엠,-13078,-226136600 
35000,지투알,-39029,-230673630 
7310,오뚜기,-418,-232651000 
23000,삼원강재,-66634,-247758620 
2780,진흥기업,-56867,-259093995 
105840,우진,-56580,-270456290 
20760,일진디스플,-62240,-270647615 
44380,주연테크,-246760,-276106740 
84690,대상홀딩스,-25223,-277511550 
24070,WISCOM,-70963,-279304285 
9180,한솔로지스틱스,-87287,-291728040 
34300,신세계건설,-4181,-296326250 
225,유유제약1우,-30151,-297883400 
4545,깨끗한나라우,-6343,-298865500 
5090,SGC에너지,-7549,-301619350 
55490,테이팩스,-5182,-301950700 
2900,동양물산,-176482,-309922200 
8260,NI스틸,-84265,-322735995 
00088K,한화3우B,-22477,-324482300 
49800,우진플라임,-37232,-326980660 
145990,삼양사,-5752,-327434000 
5250,녹십자홀딩스,1792,-334313000 
13360,일성건설,-130072,-334332365 
5180,빙그레,-5879,-334379300 
34830,한국토지신탁,-126633,-338951745 
200880,서연이화,-30824,-339463650 
175330,JB금융지주,-55751,-347653370 
11390,부산산업,-2669,-349442000 
6805,미래에셋증권우,-58349,-355277250 
70,삼양홀딩스,-3911,-358689700 
284740,쿠쿠홈시스,-8607,-363630450 
96760,JW홀딩스,-78416,-364724505 
33660,우리금융캐피탈,-33655,-369841100 
5420,코스모화학,-34316,-373639600 
120115,코오롱인더우,-12312,-388180950 
107590,미원홀딩스,-3218,-401861500 
52690,한전기술,-12797,-413759900 
1500,현대차증권,-33189,-420160500 
14830,유니드,-6298,-425578000 
3535,한화투자증권우,-42996,-427589420 
1630,종근당홀딩스,-4263,-433037500 
16740,두올,-74396,-440367690 
8110,대동전자,-67113,-447335790 
1770,신화실업,-13128,-461464650 
3460,유화증권,-148965,-474608165 
170900,동아에스티,-5925,-487920600 
4360,세방,-37653,-490736100 
2350,넥센타이어,-66489,-503887730 
15020,이스타코,-207399,-504210600 
3010,혜인,-63604,-510234760 
3850,보령제약,-23378,-510310550 
5740,크라운해태홀딩스,-39888,-514180250 
4540,깨끗한나라,-56128,-518370060 
138930,BNK금융지주,-73656,-523247230 
16590,신대양제지,-6445,-528691900 
123890,한국자산신탁,-113121,-540436290 
8420,문배철강,-114711,-549691795 
5500,삼진제약,-21969,-556322550 
32350,롯데관광개발,-27561,-562650800 
11700,한신기계,-212516,-562796935 
34020,두산중공업,-44184,-566871700 
251270,넷마블,-6172,-572179500 
7860,서연,-18700,-578133400 
5010,휴스틸,-44496,-581061850 
7160,사조산업,-11782,-589966700 
2700,신일전자,-279302,-610194495 
161890,한국콜마,-10640,-615598400 
24900,덕양산업,-198486,-621212590 
2690,동일제강,-171718,-626921955 
81000,일진다이아,-10628,-649956550 
16360,삼성증권,-18163,-650216600 
85620,미래에셋생명,-165917,-675844495 
16450,한세예스24홀딩스,-64370,-679043220 
1510,SK증권,-603134,-690285806 
214320,이노션,-11449,-695662800 
25540,한국단자,-8388,-698231400 
264900,크라운제과,-41091,-702401900 
26940,부국철강,-138209,-716282910 
138250,엔에스쇼핑,-55230,-724166300 
4770,써니전자,-158460,-728142475 
2270,롯데푸드,-2006,-747372000 
500,가온전선,-26666,-762030900 
2790,아모레G,-11489,-767049500 
84010,대한제강,-46442,-768455900 
1390,KG케미칼,-28230,-780793400 
20560,아시아나항공,-52664,-785365050 
3240,태광산업,-838,-813718000 
2030,아세아,-7503,-861568500 
7210,벽산,-249882,-865479510 
272450,진에어,-44561,-871471050 
4800,효성,-10551,-898854300 
93230,이아이디,-2476203,-900995406 
73240,금호타이어,-240091,-909686395 
860,강남제비스코,-31537,-944010500 
5870,휴니드,-99441,-954956120 
2240,고려제강,-37700,-957192000 
330590,롯데리츠,-190564,-998073850 
4410,서울식품,-2157936,-1014851466 
6490,인스코비,-334033,-1041689730 
1740,SK네트웍스,-194763,-1089420700 
93240,형지엘리트,-214161,-1132920535 
23530,롯데쇼핑,-9178,-1133725000 
139130,DGB금융지주,-139359,-1147647800 
6390,한일현대시멘트,-26222,-1149444550 
58430,포스코강판,-32594,-1149596200 
92220,KEC,-495873,-1156112385 
126560,현대퓨처넷,-227269,-1163739305 
336370,솔루스첨단소재,-25323,-1206504450 
4710,한솔테크닉스,-114925,-1210143200 
64960,SNT모티브,-18897,-1214998500 
18670,SK가스,-11764,-1222564500 
10060,OCI,-10998,-1230678000 
14160,대영포장,-374166,-1241997160 
4430,송원산업,-63975,-1255576600 
9900,명신산업,-42333,-1283396600 
6260,LS,-18620,-1301972100 
13700,까뮤이앤씨,-463613,-1347899025 
145270,케이탑리츠,-720213,-1364570340 
79550,LIG넥스원,-34447,-1413196350 
161000,애경유화,-125325,-1430921450 
37560,LG헬로비전,-288399,-1455037355 
192820,코스맥스,-12070,-1464225500 
44450,KSS해운,-140857,-1532031400 
4440,삼일씨엔에스,-95225,-1555947000 
90350,노루페인트,-89074,-1575592150 
9410,태영건설,-125966,-1631000300 
23350,한국종합기술,-177783,-1669981990 
10820,퍼스텍,-673263,-1677937130 
248070,솔루엠,-64847,-1693743000 
95720,웅진씽크빅,-309614,-1723205100 
3470,유안타증권,-292449,-1828290025 
880,한화,-58443,-1840720300 
75580,세진중공업,-283507,-1858284300 
3230,삼양식품,-21586,-1927891100 
2870,신풍제지,-405364,-1932789570 
241590,화승엔터프라이즈,-103850,-1985494050 
138040,메리츠금융지주,-122817,-2011180350 
9240,한샘,-15814,-2017005000 
204320,만도,-33151,-2027567800 
5960,동부건설,-157522,-2104021100 
104700,한국철강,-178497,-2122779700 
9970,영원무역홀딩스,-48245,-2147419750 
1040,CJ,-23336,-2166240600 
34220,LG디스플레이,-130576,-2179071200 
120,CJ대한통운,-12260,-2197447500 
27410,BGF,-295995,-2324621670 
5300,롯데칠성,-19104,-2583178500 
5850,에스엘,-106186,-2590605050 
100,유한양행,-43367,-2697717300 
42660,대우조선해양,-97033,-2707559550 
60,메리츠화재,-148770,-2820027500 
1120,LG상사,-98615,-3070601650 
114090,GKL,-189163,-3094332050 
10050,우리종금,-3568895,-3135484378 
1450,현대해상,-132400,-3159807700 
4990,롯데지주,-94693,-3184086250 
23800,인지컨트롤스,-204460,-3276486100 
71050,한국금융지주,-32067,-3352605000 
4140,동방,-515053,-3358353500 
6650,대한유화,-10310,-3428601500 
5680,삼영전자,-300761,-3469402650 
271560,오리온,-28267,-3540729500 
3545,대신증권우,-269235,-3666922650 
33180,필룩스,-1077169,-3764565105 
11930,신성이엔지,-1098521,-3798751415 
88350,한화생명,-1202722,-4021618840 
26960,동서,-125224,-4036597750 
12450,한화에어로스페이스,-108220,-4289601850 
16380,KG동부제철,-293840,-4405373750 
6120,SK디스커버리,-76634,-4510896600 
11170,롯데케미칼,-17377,-4987864000 
11070,LG이노텍,-25089,-5282482500 
285130,SK케미칼,-20112,-5326548000 
3540,대신증권,-336723,-5535939450 
51905,LG생활건강우,-8513,-5837922000 
4980,성신양회,-568401,-6110306200 
3410,쌍용C&E,-854373,-6434658330 
9150,삼성전기,-34726,-6559976000 
80,하이트진로,-185524,-6708773200 
2380,KCC,-26980,-6952324000 
294870,HDC현대산업개발,-250121,-7060153900 
78930,GS,-185118,-7215078000 
17960,한국카본,-590023,-7235985100 
30200,KT,-264160,-7342744550 
307950,현대오토에버,-65425,-7726749000 
11210,현대위아,-96800,-7781908800 
86790,하나금융지주,-196368,-7851962800 
3490,대한항공,-305121,-8231436150 
4490,세방전지,-103740,-8380600000 
19170,신풍제약,-102320,-8580381300 
7700,F&F,-62990,-8661675000 
10620,현대미포조선,-134629,-8877934500 
64350,현대로템,-450465,-9068303700 
35250,강원랜드,-370818,-9364123100 
2320,한진,-236789,-9773003100 
272210,한화시스템,-446319,-9773363900 
267250,현대중공업지주,-34916,-9926277500 
990,DB하이텍,-176498,-10073556000 
210,DL,-120986,-10286709800 
28260,삼성물산,-79915,-10363800500 
105560,KB금융,-202644,-10900361200 
10950,S-Oil,-143979,-11412755200 
51910,LG화학,-14839,-11579460000 
8770,호텔신라,-141154,-12121423800 
11000,진원생명과학,-833791,-12165348850 
18260,삼성에스디에스,-67875,-12923932000 
4020,현대제철,-329658,-15235110300 
42670,두산인프라코어,-1432164,-15315145850 
10140,삼성중공업,-2690344,-20239171340 
86280,현대글로비스,-134939,-25562728500 
326030,SK바이오팜,-256116,-26263031000 
352820,빅히트,-105001,-27545740000 
302440,SK바이오사이언스,-250536,-29841574000 
96770,SK이노베이션,-229445,-54824580000 
12510,더존비즈온,-693145,-61367823300 
12330,현대모비스,-218632,-64868032500 
5935,삼성전자우,-1426933,-107008569900 
6400,삼성SDI,-200116,-129794081000 
