corp_cd,corp_nm,first_price,last_price,jusiksu_num
299660,셀리드,40250,93500,9703692
065770,CS,2740,6230,18835150
044180,KD,1120,2500,16525360
048910,대원미디어,22200,45350,12578946
215090,이디티,729,1400,60591698
053290,NE능률,12000,21350,16526307
309930,오하임아이엔티,3180,5620,19747691
109820,진매트릭스,9760,16950,20393640
205470,휴마시스,6760,11650,34223815
310200,애니플러스,1610,2760,28407439
293580,나우IB,10650,17600,9480000
246690,TS인베스트먼트,3259,5310,24670435
289220,자이언트스텝,31600,51400,9427965
021080,에이티넘인베스트,3705,5960,48000000
053160,프리엠스,17650,28300,6000000
039020,이건홀딩스,3570,5480,22584709
020710,시공테크,5900,9020,20047970
095270,웨이브일렉트로,4100,6220,14707614
023460,CNH,2730,4085,37200000
206650,유바이오로직스,20450,30400,34979492
019550,SBI인베스트먼트,1750,2590,162066575
227950,엔투텍,1890,2790,58616478
037400,우리조명,2805,4130,24923346
054410,케이피티유,9380,13700
300080,플리토,13450,19500
263720,디앤씨미디어,36950,53000
038620,위즈코프,1505,2145
049830,승일,18950,26950
950130,엑세스바이오,13050,18400
255220,SG,1900,2675
039860,나노엔텍,7110,9980
253840,수젠텍,14650,20450
297570,알로이스,4965,6920
092300,현우산업,4395,6080
066910,손오공,2685,3710
101390,아이엠,1280,1765
096530,씨젠,130100,178500
138070,신진에스엠,5890,8030
025950,동신건설,42150,57400
032300,한국파마,37550,50900
153490,우리이앤엘,1330,1800
064480,브리지텍,4280,5750
258790,소프트캠프,3325,4450
033830,티비씨,1445,1930
140070,서플러스글로벌,5190,6910
084650,랩지노믹스,17200,22800
094840,슈프리마에이치큐,9030,11900
195990,에이비프로바이오,835,1100
239890,피엔에이치테크,15000,19750
203650,드림시큐리티,4300,5620
053590,한국테크놀로지,1165,1520
204840,지엘팜텍,1265,1650
206640,바디텍메드,16950,22050
006910,보성파워텍,2535,3290
317850,대모,5130,6650
033310,엠투엔,14800,19150
014190,원익큐브,4635,5950
060240,룽투코리아,5660,7260
340570,티앤엘,47200,60500
039240,경남스틸,2795,3575
227610,아우딘퓨쳐스,2020,2580
322780,코퍼스코리아,2490,3180
299030,하나기술,56700,72300
221980,케이디켐,15350,19500
007530,영신금속,3615,4585
297890,엘이티,17900,22700
031980,피에스케이홀딩스,8170,10350
216080,제테마,19550,24750
054920,한컴위드,8650,10950
085810,알티캐스트,1975,2500
025900,동화기업,49150,62200
053260,금강철강,7000,8830
108860,셀바스AI,3330,4200
052460,아이크래프트,7390,9320
277070,린드먼아시아,5770,7240
027830,대성창투,3890,4880
036010,아비코전자,6710,8410
197140,디지캡,5860,7300
102940,코오롱생명과학,19750,24600
027360,아주IB투자,6370,7930
042940,상지카일룸,1390,1725
054040,한국컴퓨터,4635,5750
225220,제놀루션,14599,18100
194480,데브시스터즈,115000,142300
037230,한국팩키지,4880,6030
033130,디지틀조선,3195,3940
207760,미스터블루,10300,12700
101000,상상인인더스트리,1030,1270
098460,고영,23000,28300
287410,제이시스메디칼,4005,4925
227100,디자인,9190,11300
090360,로보스타,23700,29100
237690,에스티팜,85300,104700
123750,알톤스포츠,5280,6470
066620,국보디자인,21750,26650
083450,GST,21800,26700
010470,오리콤,5880,7200
053280,예스24,15450,18900
045340,토탈소프트,18850,23050
150840,인트로메딕,2220,2700
214260,라파스,26650,32400
277880,티에스아이,9760,11850
075970,동국알앤에스,5710,6930
241520,DSC인베스트먼트,5860,7110
156100,엘앤케이바이오,36850,44700
215380,우정바이오,6210,7530
021880,메이슨캐피탈,639,773
060310,3S,2395,2895
114450,KPX생명과학,8360,10100
110990,디아이티,9230,11150
058110,멕아이씨에스,13050,15750
050960,수산아이앤티,31200,37600
214610,미코바이오메드,10250,12300
185490,아이진,17100,20500
033170,시그네틱스,1260,1510
012790,신일제약,13650,16350
124500,아이티센,5280,6320
041190,우리기술투자,9650,11550
160980,싸이맥스,21350,25550
066430,와이오엠,2395,2865
153710,옵티팜,10550,12600
025870,신라에스지,17550,20950
208350,지란지교시큐리티,6240,7440
007770,한일화학,15350,18300
042510,라온시큐어,3940,4690
066970,엘앤에프,78400,93300
036200,유니셈,12900,15350
142280,녹십자엠에스,9940,11800
246710,티앤알바이오팹,37650,44650
108320,실리콘웍스,75600,89600
073640,테라사이언스,2000,2370
024940,PN풍년,5260,6230
219130,타이거일렉,11200,13250
319660,피에스케이,37600,44450
042600,새로닉스,10800,12750
269620,시스웍,1885,2225
023770,플레이위드,9580,11300
323230,엠에프엠코리아,2100,2475
187790,나노,1515,1785
099750,이지케어텍,18050,21250
159580,제로투세븐,10500,12350
037440,희림,4755,5590
019990,에너토크,8070,9480
084110,휴온스글로벌,30800,36150
087600,픽셀플러스,7430,8720
080220,제주반도체,5970,7000
241820,피씨엘,48300,56600
189860,서전기전,4100,4800
060280,큐렉소,8630,10100
347770,핌스,15850,18550
330350,위더스제약,17750,20750
035890,서희건설,1630,1905
255440,야스,13100,15300
348030,모비릭스,20350,23750
002290,삼일기업공사,4980,5810
023910,대한약품,36400,42400
277810,레인보우로보틱스,22900,26650
064550,바이오니아,16200,18850
016920,카스,2420,2815
301300,바이브컴퍼니,28250,32800
082850,우리바이오,4230,4910
047820,초록뱀미디어,2240,2600
131370,알서포트,8110,9410
237880,클리오,19650,22800
078860,아이오케이,1655,1920
139050,시티랩스,997,1155
263860,지니언스,7330,8490
060590,씨티씨바이오,6520,7550
065350,신성델타테크,8590,9940
127120,디엔에이링크,4530,5240
334970,프레스티지바이오로직스,13850,16000
079170,한창산업,7440,8590
321550,티움바이오,16850,19450
262260,에이프로,37750,43500
045100,한양이엔지,18000,20700
183490,엔지켐생명과학,121500,139500
217330,싸이토젠,59000,67700
043290,케이맥,3670,4210
090850,현대이지웰,9160,10500
039840,디오,37350,42800
230980,에이트원,6990,8010
064290,인텍플러스,23700,27150
293780,압타바이오,55000,63000
153460,네이블,6200,7100
021320,KCC건설,9140,10450
042420,네오위즈홀딩스,36300,41500
089890,코세스,8190,9360
003100,선광,29450,33650
148140,비디아이,7170,8190
298380,에이비엘바이오,21850,24950
086520,에코프로,57200,65300
057030,YBM넷,7210,8230
039610,화성밸브,7800,8900
340930,유일에너테크,19900,22700
115450,지트리비앤티,11750,13400
038950,파인디지털,6260,7130
078140,대봉엘에스,10100,11500
054630,에이디칩스,1450,1650
100700,세운메디칼,4835,5500
024810,이화전기,234,266
127710,아시아경제,2255,2560
140670,알에스오토메이션,8500,9650
038070,서린바이오,12200,13850
060380,동양에스텍,2500,2835
013990,아가방컴퍼니,3530,4000
063440,SM Life Design,3355,3800
057680,티사이언티픽,3555,4025
079650,서산,2680,3030
131100,스카이이앤엠,1655,1870
215360,우리산업,25400,28700
208710,바이오로그디바이스,2585,2920
023760,한국캐피탈,679,767
019540,일지테크,3745,4230
217600,켐온,3205,3620
002230,피에스텍,5420,6120
256150,한독크린텍,32950,37200
065170,넥스트BT,1370,1545
130500,GH신소재,5980,6740
101360,이엔드디,30300,34150
075130,플랜티넷,6480,7300
187420,제노포커스,7630,8590
263020,디케이앤디,9150,10300
339950,아이비김영,1680,1890
078150,HB테크놀러지,3165,3560
083640,인콘,2285,2570
089030,테크윙,20850,23450
279600,미디어젠,11650,13100
053980,오상자이엘,6550,7360
008830,대동기어,4090,4595
096640,멜파스,2065,2320
238090,앤디포스,4090,4595
026040,제이에스티나,2165,2430
042500,링네트,6230,6990
263800,데이타솔루션,5760,6460
950110,SBI핀테크솔루션즈,9230,10350
122350,삼기,3970,4450
215480,토박스코리아,1365,1530
131290,티에스이,54500,61000
076080,웰크론한텍,3400,3805
114810,아이원스,7760,8680
133750,메가엠디,4095,4580
150900,파수,7700,8610
046120,오르비텍,7800,8720
086040,바이오톡스텍,10200,11400
250000,보라티알,15750,17600
147830,제룡산업,6920,7730
228760,지노믹트리,12450,13900
199820,제일전기공업,21500,24000
011370,서한,1595,1780
089970,에이피티씨,23750,26500
068240,다원시스,18200,20300
208370,셀바스헬스케어,2515,2805
058820,CMG제약,4385,4890
123570,이엠넷,5050,5630
089140,넥스턴,17450,19450
079960,동양이엔피,17450,19450
203450,유니온커뮤니티,4800,5350
032860,휴먼엔,10500,11700
019210,와이지-원,8010,8920
084370,유진테크,44550,49600
144510,녹십자랩셀,101500,113000
137950,제이씨케미칼,6180,6880
036540,SFA반도체,7550,8400
260930,씨티케이코스메틱스,9980,11100
032850,비트컴퓨터,9040,10050
273060,와이즈버즈,1745,1940
049550,잉크테크,8190,9100
080530,코디,1995,2215
006920,모헨즈,5360,5950
214450,파마리서치,66300,73600
095700,제넥신,95500,106000
008470,부스타,6290,6980
270870,뉴트리,29350,32550
032820,우리기술,1330,1475
097870,효성오앤비,8280,9180
114630,우노앤컴퍼니,5640,6250
247540,에코프로비엠,163000,180600
196700,웹스,2085,2310
289080,SV인베스트먼트,4485,4965
091580,상신이디피,13100,14500
011080,형지I&C,1780,1970
033320,제이씨현시스템,8070,8930
041590,젬백스지오,863,955
335810,프리시젼바이오,15100,16700
080720,한국유니온제약,12800,14150
303030,지니틱스,3700,4090
080420,모다이노칩,3630,4010
044780,에이치케이,1865,2060
048410,현대바이오,43050,47500
023790,동일철강,5420,5980
038290,마크로젠,31950,35250
115960,연우,27000,29750
086820,바이오솔루션,26550,29250
264850,이랜시스,2410,2655
278280,천보,162700,179200
108490,로보티즈,16350,18000
131400,액트,4660,5130
101490,에스앤에스텍,32200,35450
021045,대호특수강우,1290,1420
240810,원익IPS,51700,56900
200670,휴메딕스,24400,26850
259630,엠플러스,13500,14850
049430,코메론,10000,11000
023160,태광,8800,9680
348150,고바이오랩,30550,33600
123330,제닉,5410,5950
100790,미래에셋벤처투자,8750,9620
217190,제너셈,5250,5770
039200,오스코텍,39950,43900
312610,에이에프더블류,8910,9790
039290,인포뱅크,11650,12800
028080,휴맥스홀딩스,3800,4175
141000,비아트론,11200,12300
078890,가온미디어,11750,12900
060250,NHN한국사이버결제,50100,55000
123840,한일진공,1080,1185
289010,아이스크림에듀,7930,8700
067160,아프리카TV,78500,86100
256630,포인트엔지니어링,3310,3630
166090,하나머티리얼즈,38850,42600
037460,삼지전자,13500,14800
043650,국순당,8030,8800
078160,메디포스트,34550,37850
206400,베노홀딩스,6600,7230
071670,에이테크솔루션,15700,17200
119500,포메탈,4450,4875
171120,라이온켐텍,8490,9300
089850,유비벨록스,12050,13200
101670,코리아에스이,1260,1380
078130,국일제지,5800,6350
039830,오로라,10050,11000
256840,한국비엔씨,7300,7990
131090,시큐브,1430,1565
105550,트루윈,5300,5800
016100,리더스코스메틱,3510,3840
026910,광진실업,4580,5010
314930,바이오다인,52200,57100
053580,웹케시,71500,78200
137940,넥스트아이,1335,1460
357550,석경에이티,20300,22200
019590,엠벤처투자,1175,1285
163730,핑거,20300,22200
115610,이미지스,2250,2460
049470,SGA,1020,1115
024910,경창산업,2855,3120
065660,안트로젠,49050,53600
263690,디알젬,12950,14150
079370,제우스,26450,28900
164060,이루다,10850,11850
263750,펄어비스,308100,336500
254120,자비스,2120,2315
036690,코맥스,5870,6410
077360,덕산하이메탈,12000,13100
031310,아이즈비전,4580,5000
060540,에스에이티,2465,2690
038530,골드퍼시픽,1270,1385
225430,케이엠제약,2595,2830
101160,월덱스,24850,27100
078020,이베스트투자증권,7290,7950
066980,이엔코퍼레이션,11600,12650
083310,엘오티베큠,16600,18100
073540,에프알텍,4870,5310
049720,고려신용정보,6770,7380
053030,바이넥스,25550,27850
086890,이수앱지스,14450,15750
032190,다우데이타,12800,13950
239340,줌인터넷,5460,5950
270520,지엔원에너지,3790,4130
010280,쌍용정보통신,1395,1520
094820,일진파워,5810,6330
311690,천랩,33000,35950
032580,피델릭스,1510,1645
106190,하이텍팜,17900,19500
234920,자이글,3920,4270
356890,싸이버원,16300,17750
290690,소룩스,20300,22100
041830,인바디,20300,22100
003310,대주산업,2145,2335
038460,바이오스마트,5420,5900
009300,삼아제약,14750,16050
307930,컴퍼니케이,11350,12350
241690,유니테크노,6590,7170
120240,대정화금,25600,27850
267320,나인테크,4500,4895
058400,KNN,2000,2175
195500,마니커에프앤지,6466,7030
001000,신라섬유,2640,2870
046440,KG모빌리언스,9890,10750
131220,대한과학,12650,13750
053800,안랩,65500,71200
041910,에스텍파마,10950,11900
072990,에이치시티,13250,14400
288330,브릿지바이오테라퓨틱스,13300,14450
347890,엠투아이,9940,10800
237750,피앤씨테크,7280,7910
102710,이엔에프테크놀로지,39650,43050
331920,셀레믹스,19850,21550
054300,팬스타엔터프라이즈,935,1015
088390,이녹스,12300,13350
354200,엔젠바이오,16500,17900
043360,디지아이,3190,3460
079000,와토스코리아,7920,8590
048430,유라테크,11250,12200
062860,티엘아이,11300,12250
032680,소프트센,1795,1945
008370,원풍,6110,6620
033640,네패스,37750,40900
037350,성도이엔지,5880,6370
130740,티피씨글로벌,5040,5460
085910,네오티스,4030,4365
052860,아이앤씨,4400,4765
066410,버킷스튜디오,1870,2025
094940,푸른기술,10250,11100
317770,슈프리마아이디,16900,18300
327260,메탈라이프,26000,28150
054620,APS홀딩스,9700,10500
057880,필로시스헬스케어,2125,2300
134580,디엠티,2920,3160
041460,한국전자인증,7060,7640
290550,디케이티,18900,20450
054940,엑사이엔씨,1585,1715
094970,제이엠티,3535,3825
005710,대원산업,7570,8190
057540,옴니시스템,2140,2315
011560,세보엠이씨,6490,7020
311390,네오크레마,7840,8480
038010,제일테크노스,8720,9430
048260,오스템임플란트,85000,91900
073110,엘엠에스,10500,11350
036620,감성코퍼레이션,865,935
032620,유비케어,7800,8430
073010,케이에스피,1860,2010
067080,대화제약,11800,12750
333430,미래에셋대우스팩4호,3235,3495
304840,피플바이오,41700,45050
052900,KMH하이텍,1995,2155
243840,신흥에스이씨,46200,49900
950220,네오이뮨텍(Reg.S),11250,12150
950200,소마젠(Reg.S),12500,13500
093520,매커스,5380,5810
095500,미래나노텍,4330,4675
264660,씨앤지하이테크,13200,14250
016600,큐캐피탈,642,693
166480,코아스템,16400,17700
096610,알에프세미,5680,6130
079950,인베니아,2525,2725
115480,씨유메디칼,1850,1995
214180,민앤지,17250,18600
093190,빅솔론,4980,5370
305090,마이크로디지탈,18550,20000
048830,엔피케이,1920,2070
090470,제이스텍,7190,7750
096350,대창솔루션,463,499
018700,바른손,3300,3555
193250,와이제이엠게임즈,2200,2370
036490,SK머티리얼즈,311000,335000
035460,기산텔레콤,2915,3140
302550,리메드,23950,25800
033230,인성정보,2140,2305
900120,씨케이에이치,325,350
148250,알엔투테크놀로지,16900,18200
042000,카페24,32600,35100
060850,영림원소프트랩,13150,14150
093640,다믈멀티미디어,3040,3270
038880,아이에이,1455,1565
228670,레이,51800,55700
190650,코리아에셋투자증권,9580,10300
027710,팜스토리,2060,2215
036710,심텍홀딩스,2595,2790
053350,이니텍,5070,5450
035200,프럼파스트,4810,5170
025320,시노펙스,3680,3955
196300,애니젠,14050,15100
204020,그리티,3150,3385
032280,삼일,2280,2450
071200,인피니트헬스케어,7260,7800
086060,진바이오텍,6320,6790
076610,해성옵틱스,1210,1300
036560,영풍정밀,8230,8840
115160,휴맥스,4655,5000
093380,풍강,4055,4355
072520,제넨바이오,1700,1825
064510,에코마이스터,1430,1535
014620,성광벤드,8190,8790
046070,코다코,1230,1320
291650,압타머사이언스,21900,23500
083550,케이엠,10950,11750
263810,상신전자,4850,5200
069140,누리플랜,7360,7890
024950,삼천리자전거,13200,14150
011040,경동제약,9890,10600
294140,레몬,8910,9550
085660,차바이오텍,18800,20150
048470,대동스틸,5580,5980
032685,소프트센우,25150,26950
051380,피씨디렉트,10500,11250
014970,삼륭물산,8010,8580
039740,한국정보공학,3380,3620
032960,동일기연,13400,14350
049960,쎌바이오텍,18450,19750
044480,경남바이오파마,2770,2965
045510,정원엔시스,1920,2055
034940,조아제약,4225,4520
054090,삼진엘앤디,3800,4065
089790,제이티,7750,8290
067770,세진티에스,5170,5530
072470,우리산업홀딩스,5320,5690
278650,노터스,25950,27750
041920,메디아나,14400,15400
045300,성우테크론,5330,5700
251970,펌텍코리아,18750,20050
260660,알리코제약,11600,12400
215790,이노인스트루먼트,2245,2400
054450,텔레칩스,15950,17050
081150,티플랙스,3700,3955
035600,KG이니시스,19650,21000
293490,카카오게임즈,52400,56000
080470,성창오토텍,9410,10050
317870,엔바이오니아,9600,10250
019010,베뉴지,1925,2055
086960,한컴MDS,15550,16600
357780,솔브레인,289700,309200
060150,인선이엔티,13400,14300
128660,피제이메탈,2605,2780
092730,네오팜,33550,35800
036930,주성엔지니어링,11200,11950
005860,한일사료,1940,2070
151910,나노스,7170,7650
298540,더네이쳐홀딩스,52400,55900
095340,ISC,21750,23200
208640,썸에이지,3320,3540
222800,심텍,21900,23350
078350,한양디지텍,5440,5800
050090,휘닉스소재,1360,1450
047770,코데즈컴바인,2500,2665
285490,노바텍,38800,41350
065450,빅텍,7610,8110
104480,티케이케미칼,3815,4065
320000,윈텍,2765,2945
036480,대성미생물,19250,20500
108230,톱텍,12350,13150
187870,디바이스이엔지,37850,40300
119610,인터로조,22450,23900
091970,나노캠텍,2175,2315
242040,나무기술,2800,2980
243070,휴온스,56100,59700
235980,메드팩토,88900,94600
002800,신신제약,7800,8300
282880,코윈테크,23400,24900
302430,이노메트리,18750,19950
056080,유진로봇,4070,4330
017480,삼현철강,5170,5500
031510,오스템,3455,3675
041960,코미팜,10250,10900
007390,네이처셀,9970,10600
170790,파이오링크,12650,13450
013120,동원개발,5400,5740
142760,바이오리더스,4920,5230
184230,SGA솔루션즈,1435,1525
299170,더블유에스아이,2795,2970
007680,대원,9600,10200
051370,인터플렉스,12000,12750
131390,피앤이솔루션,20850,22150
031330,에스에이엠티,2735,2905
033160,엠케이전자,11250,11950
335890,비올,2180,2315
081580,성우전자,3150,3345
223250,드림씨아이에스,17800,18900
117670,알파홀딩스,4375,4645
122310,제노레이,9890,10500
053300,한국정보인증,6810,7230
032750,삼진,11400,12100
217480,에스디생명공학,4730,5020
044340,위닉스,22850,24250
072950,빛샘전자,6860,7280
020400,대동금속,9660,10250
281740,레이크머티리얼즈,3600,3820
109860,동일금속,12300,13050
019570,리더스 기술투자,891,945
015750,성우하이텍,6110,6480
051160,지어소프트,21450,22750
040160,누리텔레콤,7120,7550
192390,윈하이텍,3560,3775
027580,상보,1835,1945
039030,이오테크닉스,118600,125700
005160,동국산업,3600,3815
094360,칩스앤미디어,15900,16850
003800,에이스침대,42750,45300
017250,인터엠,1595,1690
016790,현대사료,15950,16900
059090,미코,14300,15150
123420,선데이토즈,22000,23300
030530,원익홀딩스,6610,7000
037330,인지디스플레,3390,3590
035620,바른손이앤에이,1530,1620
029480,릭스솔루션,632,669
074600,원익QnC,23950,25350
060230,이그잭스,1625,1720
189300,인텔리안테크,66800,70700
039310,세중,2575,2725
066670,디스플레이텍,4895,5180
017890,한국알콜,12900,13650
006050,국영지앤엠,2850,3015
038540,상상인,6620,7000
006730,서부T&D,7850,8300
004650,창해에탄올,13100,13850
317690,퀀타매트릭스,16600,17550
060560,홈센타홀딩스,1050,1110
065510,휴비츠,8410,8890
000250,삼천당제약,51000,53900
187270,신화콘텍,3430,3625
314130,지놈앤컴퍼니,51000,53900
205500,액션스퀘어,2200,2325
092870,엑시콘,14100,14900
225570,넷게임즈,13250,14000
037760,쎄니트,1855,1960
007370,진양제약,6040,6380
161580,필옵틱스,12450,13150
071850,캐스텍코리아,3390,3580
067010,이씨에스,7150,7550
236810,엔비티,24250,25600
040610,SG&G,2880,3040
017650,대림제지,13600,14350
001810,무림SP,3725,3930
065440,이루온,1635,1725
126600,코프라,5820,6140
250060,모비스,2850,3005
136540,윈스,16600,17500
149980,하이로닉,5900,6220
067280,멀티캠퍼스,32400,34150
356860,티엘비,42000,44250
051490,나라엠앤디,9920,10450
058610,에스피지,9000,9480
224110,에이텍티앤,37550,39550
014570,고려제약,11300,11900
014200,광림,1700,1790
290120,대유에이피,7000,7370
021040,대호특수강,814,857
091340,S&K폴리텍,5120,5390
228850,레이언스,12350,13000
251630,브이원텍,10450,11000
080520,오디텍,7430,7820
226950,올릭스,39150,41200
045060,오공,4875,5130
361390,제노코,55500,58400
064760,티씨케이,187500,197300
186230,그린플러스,12450,13100
059210,메타바이오메드,2500,2630
099440,스맥,1730,1820
139670,키네마스터,52000,54700
141080,레고켐바이오,56100,59000
174900,앱클론,30050,31600
232140,와이아이케이,6590,6930
037950,엘컴텍,1365,1435
258830,세종메디칼,10750,11300
121800,비덴트,13700,14400
018620,우진비앤지,2740,2880
078600,대주전자재료,41450,43550
214370,케어젠,65300,68600
040910,아이씨디,16000,16800
093920,서원인텍,7810,8200
205100,엑셈,4710,4945
306620,네온테크,4120,4325
220180,핸디소프트,3615,3795
298060,에스씨엠생명과학,33200,34850
043910,자연과환경,1510,1585
161570,THE MIDONG,1815,1905
277410,인산가,2015,2115
294630,서남,3330,3495
052300,W홀딩컴퍼니,304,319
290660,네오펙트,3050,3200
091120,이엠텍,17350,18200
040350,큐로컴,1335,1400
238120,얼라인드,8230,8630
047080,한빛소프트,6580,6900
290270,휴네시온,6170,6470
154040,솔루에타,4145,4345
013030,하이록코리아,16600,17400
136510,쎄미시스코,6240,6540
317330,덕산테코피아,19850,20800
072020,중앙백신,17750,18600
200780,비씨월드제약,16750,17550
307180,아이엘사이언스,3245,3400
046110,한일네트웍스,5670,5940
181340,이즈미디어,21200,22200
033050,제이엠아이,1275,1335
136480,하림,2995,3135
018680,서울제약,8810,9220
048530,인트론바이오,25800,27000
030960,양지사,11850,12400
053080,원방테크,45300,47400
072770,율호,2480,2595
252500,세화피앤씨,3885,4065
071280,로체시스템즈,6100,6380
352940,인바이오,10900,11400
215100,로보로보,5240,5480
238490,힘스,13100,13700
024880,케이피에프,4400,4600
290670,대보마그네틱,32100,33550
109960,에이프로젠 H&G,708,740
042110,에스씨디,1555,1625
317120,라닉스,12250,12800
352770,클리노믹스,13350,13950
045970,코아시아,11150,11650
900260,로스웰,313,327
208140,정다운,3695,3860
022220,정산애강,2135,2230
263050,유틸렉스,39550,41300
042520,한스바이오메드,12450,13000
219420,링크제니시스,7960,8310
088910,동우팜투테이블,3425,3575
066360,체리부로,2180,2275
263600,덕우전자,8280,8640
332570,와이팜,10350,10800
048870,시너지이노베이션,2890,3015
119830,아이텍,8550,8920
294090,이오플로우,64600,67400
065650,메디프론,3585,3740
332370,아이디피,8110,8460
204270,제이앤티씨,9970,10400
000440,중앙에너비스,9970,10400
147760,마이크로프랜드,8600,8970
025550,한국선재,3485,3635
140520,대창스틸,2920,3045
032080,아즈텍WB,2575,2685
068790,DMS,8480,8840
241790,오션브릿지,16600,17300
056090,유앤아이,4620,4815
037070,파세코,23750,24750
220260,켐트로스,6190,6450
099410,동방선기,1800,1875
182400,엔케이맥스,18000,18750
067170,오텍,13200,13750
052790,액토즈소프트,9130,9510
251370,와이엠티,20450,21300
108380,대양전기공업,16850,17550
001540,안국약품,13250,13800
145020,휴젤,178500,185900
090410,덕신하우징,1450,1510
900070,글로벌에스엠,1210,1260
144960,뉴파워프라즈마,6290,6550
053610,프로텍,27850,29000
318410,비비씨,19400,20200
068330,일신바이오,4975,5180
061040,알에프텍,7780,8100
049480,오픈베이스,2920,3040
020180,대신정보통신,1960,2040
272110,케이엔제이,12300,12800
226330,신테카바이오,16000,16650
250930,예선테크,2585,2690
263770,유에스티,6180,6430
030350,드래곤플라이,2225,2315
012700,리드코프,8900,9260
036190,금화피에스시,29800,31000
200470,에이팩트,6480,6740
177830,파버나인,5740,5970
054670,대한뉴팜,11300,11750
317320,한화에스비아이스팩,2765,2875
090150,광진윈텍,4290,4460
031390,녹십자셀,41700,43350
337930,브랜드엑스코퍼레이션,11400,11850
018290,브이티지엠피,8150,8470
300120,라온피플,25550,26550
213090,미래테크놀로지,8470,8800
253450,스튜디오드래곤,99900,103800
046310,백금T&A,3230,3355
900250,크리스탈신소재,1810,1880
033290,코웰패션,6210,6450
137400,피엔티,23300,24200
173130,오파스넷,4680,4860
086390,유니테스트,22100,22950
043710,서울리거,992,1030
239610,에이치엘사이언스,42000,43600
318000,한국바이오젠,8400,8720
098660,에스티오,2765,2870
078340,컴투스,169000,175400
900300,오가닉티코스메틱,609,632
004590,한국가구,6620,6870
027040,서울전자통신,879,912
041930,동아화성,12100,12550
198440,고려시멘트,3910,4055
043610,지니뮤직,6730,6980
194700,노바렉스,40500,42000
258610,이더블유케이,7570,7850
225530,보광산업,6780,7030
090710,휴림로봇,1085,1125
304100,솔트룩스,31400,32550
092600,앤씨앤,4645,4815
121440,골프존뉴딘홀딩스,7130,7390
098120,마이크로컨텍솔,5770,5980
017510,세명전기,4400,4560
096870,엘디티,4285,4440
033100,제룡전기,6350,6580
275630,에스에스알,6370,6600
200230,텔콘RF제약,5020,5200
104540,코렌텍,18150,18800
048550,SM C&C,1820,1885
053700,삼보모터스,7010,7260
091440,텔레필드,4075,4220
253590,네오셈,3525,3650
221840,하이즈항공,5360,5550
131030,디에이치피코리아,7940,8220
217730,강스템바이오텍,6850,7090
265520,AP시스템,28650,29650
059120,아진엑스텍,7170,7420
048770,TPC,4315,4465
115440,우리넷,8610,8910
084730,팅크웨어,15900,16450
102120,어보브반도체,13100,13550
290650,엘앤씨바이오,33400,34550
009780,엠에스씨,4940,5110
100590,머큐리,10200,10550
226400,오스테오닉,3940,4075
024740,한일단조,2045,2115
109610,에스와이,3810,3940
051390,YW,4710,4870
217820,엔에스,10300,10650
030520,한글과컴퓨터,17700,18300
043200,파루,1330,1375
089010,켐트로닉스,26750,27650
140860,파크시스템스,134000,138500
047560,이스트소프트,10450,10800
351320,IBKS제14호스팩,2100,2170
115310,인포바인,21050,21750
052260,현대바이오랜드,22700,23450
072870,메가스터디,12150,12550
023600,삼보판지,15200,15700
169330,엠브레인,8850,9140
214870,뉴지랩,10700,11050
042040,케이피엠테크,2905,3000
220630,해마로푸드서비스,3515,3630
08537M,루트로닉3우C,13800,14250
101400,엔시트론,890,919
175250,아이큐어,43300,44700
069510,에스텍,10850,11200
005990,매일홀딩스,9350,9650
234690,녹십자웰빙,12550,12950
092190,서울바이오시스,15700,16200
143160,아이디스,28300,29200
317830,에스피시스템스,7250,7480
214430,아이쓰리시스템,20750,21400
109080,옵티시스,9360,9650
060370,KT서브마린,6140,6330
261200,덴티스,2110,2175
229000,젠큐릭스,19500,20100
036640,HRS,5860,6040
004780,대륙제관,5880,6060
313760,윌링스,14700,15150
170920,엘티씨,13150,13550
035810,이지홀딩스,4615,4755
123410,코리아에프티,3300,3400
171010,램테크놀러지,6290,6480
005670,푸드웰,7650,7880
044960,이글벳,8010,8250
056190,에스에프에이,40550,41750
149950,아바텍,17000,17500
064800,젬백스링크,1530,1575
039980,리노스,1195,1230
214680,디알텍,1540,1585
104040,대성파인텍,2755,2835
307750,국전약품,6940,7140
138580,비즈니스온,22700,23350
036170,클라우드에어,1400,1440
121600,나노신소재,28200,29000
236200,슈프리마,26450,27200
032540,TJ미디어,3900,4010
096630,에스코넥,2305,2370
012620,원일특강,10650,10950
065130,탑엔지니어링,9220,9480
219750,지티지웰니스,6080,6250
183300,코미코,64200,66000
051780,큐로홀딩스,536,551
091700,파트론,10700,11000
024800,유성티엔에스,3580,3680
049120,파인디앤씨,1790,1840
068760,셀트리온제약,150000,154100
041510,에스엠,29600,30400
122990,와이솔,12950,13300
256940,케이피에스,14800,15200
013310,아진산업,3715,3815
214270,퓨쳐스트림네트웍스,1300,1335
059100,아이컴포넌트,5980,6140
082660,코스나인,1510,1550
100120,뷰웍스,36050,37000
066700,테라젠이텍스,8880,9110
079940,가비아,15550,15950
129890,앱코,25350,26000
131760,파인텍,1365,1400
131970,테스나,47250,48450
023900,풍국주정,19950,20450
086450,동국제약,28000,28700
272290,이녹스첨단소재,55900,57300
318010,팜스빌,10100,10350
049950,미래컴퍼니,32550,33350
084850,아이티엠반도체,44750,45850
096040,이트론,692,709
046890,서울반도체,18500,18950
050860,아세아텍,3515,3600
036670,KCI,9540,9770
114120,크루셜텍,1250,1280
086900,메디톡스,188600,193100
038680,에스넷,7530,7710
331520,교보9호스팩,2100,2150
039420,케이엘넷,3575,3660
244460,올리패스,9270,9490
104830,원익머트리얼즈,37900,38800
036000,예림당,2960,3030
060260,뉴보텍,1490,1525
262840,아이퀘스트,14950,15300
086670,비엠티,12950,13250
058470,리노공업,156500,160100
088130,동아엘텍,9170,9380
036890,진성티이씨,15300,15650
065370,위세아이텍,13200,13500
308100,까스텔바작,13350,13650
099190,아이센스,24600,25150
036030,KTH,11350,11600
079810,디이엔티,8190,8370
215200,메가스터디교육,59100,60400
041140,넥슨지티,13700,14000
006140,피제이전자,8260,8440
344050,신영스팩6호,2075,2120
078650,코렌,1150,1175
087260,모바일어플라이언스,4660,4760
053950,경남제약,7020,7170
095660,네오위즈,23400,23900
036810,에프에스티,28300,28900
029960,코엔텍,8950,9140
082210,옵트론텍,9050,9240
123040,엠에스오토텍,7190,7340
134060,이퓨쳐,9580,9780
018120,진로발효,31400,32050
950190,미투젠,24250,24750
198080,엔피디,3890,3970
036090,위지트,1950,1990
024120,KB오토시스,9800,10000
033200,모아텍,9800,10000
201490,미투온,6850,6990
063570,한국전자금융,6530,6660
083930,아바코,12700,12950
100660,서암기계공업,6130,6250
268600,셀리버리,127500,130000
366330,신한제7호스팩,2040,2080
069410,엔텔스,8200,8360
267980,매일유업,72300,73700
069080,웹젠,41450,42250
043220,에이치엘비파워,1045,1065
052670,제일바이오,3660,3730
373200,IBKS제15호스팩,2100,2140
900340,윙입푸드,1325,1350
191420,테고사이언스,26400,26900
043260,성호전자,1860,1895
101930,인화정공,9230,9400
025770,한국정보통신,9230,9400
286750,나노브릭,19250,19600
178320,서진시스템,46600,47450
065690,파커스,3050,3105
124560,태웅로직스,6730,6850
319400,현대무벡스,4555,4635
175140,인포마크,6270,6380
053050,지에스이,1725,1755
290720,푸드나무,25900,26350
064820,케이프,5200,5290
039340,한국경제TV,6920,7040
106240,파인테크닉스,6400,6510
092040,아미코젠,37950,38600
097780,에스맥,1465,1490
340350,SK6호스팩,2055,2090
179290,엠아이텍,4410,4485
067310,하나마이크론,11750,11950
082920,비츠로셀,14750,15000
122870,와이지엔터테인먼트,44500,45250
040420,정상제이엘에스,6490,6600
333050,신한제6호스팩,2080,2115
203690,프로스테믹스,3265,3320
351340,IBKS제13호스팩,2095,2130
328380,미래에셋대우스팩3호,2090,2125
038870,에코바이오,8410,8550
040300,YTN,3950,4015
038060,루멘스,1535,1560
065950,웰크론,4980,5060
056700,신화인터텍,3435,3490
054050,농우바이오,12550,12750
065570,삼영이엔씨,8310,8440
225190,삼양옵틱스,9780,9930
099220,SDN,3030,3075
011320,유니크,8100,8220
367360,DB금융스팩9호,2045,2075
073560,우리손에프앤지,2385,2420
049070,인탑스,30750,31200
263700,케어랩스,10300,10450
061970,엘비세미콘,13750,13950
349720,이베스트스팩5호,2065,2095
101730,조이맥스,6210,6300
310840,엔에이치스팩13호,2100,2130
367460,유안타제7호스팩,2105,2135
036830,솔브레인홀딩스,42400,43000
182360,큐브엔터,3905,3960
131180,딜리,1795,1820
140410,메지온,151400,153500
090460,비에이치,17950,18200
083790,크리스탈지노믹스,9470,9600
073190,듀오백,4055,4110
189690,포시에스,7470,7570
110790,크리스에프앤씨,30100,30500
122450,KMH,11450,11600
070590,한솔인티큐브,3510,3555
028150,GS홈쇼핑,150100,152000
187220,디티앤씨,7140,7230
900310,컬러레이,1995,2020
225590,패션플랫폼,1600,1620
082270,젬백스,24200,24500
104460,디와이피엔에프,28550,28900
329560,상상인이안제2호스팩,2040,2065
064240,홈캐스트,3255,3295
192410,감마누,4510,4565
215000,골프존,90100,91200
347140,케이프이에스제4호,2055,2080
372290,하나머스트7호스팩,2070,2095
086710,선진뷰티사이언스,20750,21000
225330,씨엠에스에듀,6660,6740
336060,유안타제5호스팩,2085,2110
355150,교보10호스팩,2100,2125
369370,대신밸런스제9호스팩,2105,2130
359090,엔에이치스팩17호,2095,2120
003380,하림지주,9260,9370
050120,ES큐브,5120,5180
192440,슈피겐코리아,60600,61300
247660,나노씨엠에스,17600,17800
347740,피엔케이피부임상연구센타,21900,22150
050110,캠시스,2660,2690
206560,덱스터,8020,8110
097520,엠씨넥스,55500,56100
347700,라이프시맨틱스,14050,14200
009520,포스코엠텍,8420,8510
014940,오리엔탈정공,3790,3830
226340,본느,3370,3405
054930,유신,19300,19500
119850,지엔씨에너지,5760,5820
171090,선익시스템,15300,15450
363260,하나금융17호스팩,2070,2090
368770,한국9호스팩,2060,2080
336570,대신밸런스제8호스팩,2090,2110
043370,평화정공,10400,10500
332290,대신밸런스제7호스팩,2100,2120
310870,한국제8호스팩,2100,2120
323280,신영스팩5호,2120,2140
313750,유안타제4호스팩,2120,2140
311270,키움제5호스팩,2155,2175
024850,피에스엠씨,1615,1630
066310,큐에스아이,16600,16750
065530,와이어블,4655,4695
056360,코위버,9250,9330
041520,이라이콤,11950,12050
066130,하츠,11950,12050
045390,대아티아이,5180,5220
016250,SGC이테크건설,54200,54600
095610,테스,34200,34450
367340,DB금융스팩8호,2080,2095
365590,엔에이치스팩18호,2090,2105
170030,현대공업,9700,9770
331380,유진스팩5호,2110,2125
341160,하나금융15호스팩,2105,2120
290380,대유,14500,14600
122640,예스티,14500,14600
078070,유비쿼스홀딩스,21750,21900
142210,유니트론텍,7300,7350
012340,뉴인텍,3755,3780
060480,국일신동,4535,4565
306040,에스제이그룹,22950,23100
284620,카이노스메드,3895,3920
074430,아미노로직스,2480,2495
034230,파라다이스,16650,16750
063760,이엘피,6930,6970
221610,자안,358,360
054540,삼영엠텍,5420,5450
101170,우림기계,4535,4560
900110,이스트아시아홀딩스,197,198
196490,디에이테크놀로지,6060,6090
307070,SK4호스팩,2045,2055
085370,루트로닉,10200,10250
353060,에이치엠씨제5호스팩,2040,2050
342550,케이비제20호스팩,2060,2070
036800,나이스정보통신,31000,31150
323940,케이비제18호스팩,2065,2075
330990,케이비제19호스팩,2090,2100
052330,코텍,10500,10550
343510,하나금융16호스팩,2090,2100
340120,하이제5호스팩,2090,2100
340440,한화플러스제1호스팩,2070,2080
204620,글로벌텍스프리,3240,3255
053620,태양,11450,11500
019660,글로본,4660,4680
338220,뷰노,24000,24100
123860,아나패스,25350,25450
200710,에이디테크놀로지,25400,25500
299900,위지윅스튜디오,12850,12900
054800,아이디스홀딩스,13100,13150
217270,넵튠,26800,26900
290510,코리아센터,8630,8660
322180,티라유텍,16850,16900
025980,아난티,7410,7430
007820,에스엠코어,7540,7560
337450,SK5호스팩,2095,2100
080000,에스엔유,4180,4190
323210,이베스트이안스팩1호,2075,2080
332710,하나금융14호스팩,2110,2115
049630,재영솔루텍,962,964
217500,러셀,5810,5820
109740,디에스케이,6510,6520
950140,잉글우드랩,6580,6590
035760,CJ ENM,142300,142500
353810,이지바이오,7070,7080
068930,디지털대성,8190,8200
068050,팬엔터테인먼트,8330,8340
056000,COWON,2860,2860
079190,EMW,2780,2780
900290,GRT,951,951
045890,GV,240,240
099520,ITX-AI,1285,1285
065150,MP그룹,895,895
078590,OQP,3890,3890
038340,UCI,445,445
114190,강원,2500,2500
223310,경남제약헬스케어,3320,3320
035290,골드앤에스,1305,1305
138610,나이벡,35950,35950
168330,내츄럴엔도텍,2525,2525
065560,녹원씨엔아이,5770,5770
126870,뉴로스,2230,2230
900100,뉴프라이드,717,717
006580,대양제지,3260,3260
033430,디에스티,370,370
066900,디에이피,4540,4540
105740,디케이락,13050,13050
069540,라이트론,5420,5420
033600,럭슬,179,179
060300,레드로버,1830,1830
127160,매직마이크로,282,282
141070,맥스로텍,743,743
014100,메디앙스,6200,6200
257370,명성티엔에스,9210,9210
064520,바른전자,1005,1005
043150,바텍,30450,30450
263920,블러썸엠앤씨,4555,4555
054220,비츠로시스,5930,5930
291230,삼성스팩2호,2180,2180
263540,샘코,2015,2015
019770,서연탑메탈,12850,12850
024830,세원물산,6280,6280
053450,세코닉스,6440,6440
043100,솔고바이오,392,392
058530,슈펙스비앤피,1620,1620
033790,스카이문스테크놀로지,829,829
159910,스킨앤스킨,263,263
158310,스타모빌리티,505,505
039670,스포츠서울,7360,7360
215600,신라젠,12100,12100
115530,씨엔플러스,839,839
101240,씨큐브,8090,8090
050320,아래스,990,990
058220,아리온,275,275
154030,아시아종묘,6190,6190
068940,아이씨케이,4000,4000
226350,아이엠텍,5350,5350
052770,아이톡시,3180,3180
121890,에스디시스템,739,739
065420,에스아이리소스,639,639
103230,에스앤더블류,2505,2505
900080,에스앤씨엔진그룹,197,197
080440,에스제이케이,498,498
043340,에쎈테크,1260,1260
138360,에이씨티,4480,4480
039230,에이아이비트,181,181
176440,에이치엔티,1920,1920
073070,에이팸,2035,2035
128540,에코캡,4195,4195
173940,에프엔씨엔터,6010,6010
083500,에프엔에스테크,12200,12200
070300,엑스큐어,4810,4810
032790,엠젠플러스,4075,4075
065500,오리엔트정공,1160,1160
321820,와이더플래닛,25000,25000
046970,우리로,1910,1910
069330,유아이디,1055,1055
023410,유진기업,5720,5720
321260,유진스팩4호,2130,2130
178780,유테크,1730,1730
086250,이노와이즈,1405,1405
052190,이에스에이,8850,8850
087730,이엠네트웍스,8160,8160
083470,이엠앤아이,1585,1585
160600,이큐셀,310,310
058450,일야,685,685
065620,제낙스,15950,15950
058420,제이웨이,2160,2160
033340,좋은사람들,1055,1055
036180,지더블유바이텍,1205,1205
114570,지스마트글로벌,620,620
111820,지와이커머스,2470,2470
180400,캔서롭,7740,7740
093320,케이아이엔엑스,74800,74800
033110,코너스톤네트웍스,204,204
009730,코센,905,905
069110,코스온,2630,2630
196450,코아시아옵틱스,2055,2055
950160,코오롱티슈진,8010,8010
043590,크로바하이텍,2485,2485
044490,태웅,12500,12500
182690,테라셈,1440,1440
038160,팍스넷,862,862
016670,포비스티앤씨,973,973
056730,포스링크,1550,1550
022100,포스코 ICT,7350,7350
141020,포티스,108,108
195440,퓨전,2075,2075
237820,플레이디,10800,10800
126700,하이비젼시스템,14100,14100
106080,하이소닉,3110,3110
023890,한국아트라스비엑스,62200,62200
101680,한국정밀기계,1440,1440
050540,한국코퍼레이션,282,282
066110,한프,480,480
034810,해성산업,16150,16150
008800,행남사,1770,1770
053660,현진소재,400,400
091990,셀트리온헬스케어,136000,135900
010240,흥국,9480,9470
054210,이랜텍,7840,7830
062970,피피아이,5600,5590
041020,폴라리스오피스,2520,2515
024840,KBI메탈,2290,2285
018000,유니슨,4285,4275
092130,이크레더블,22050,22000
071460,위니아딤채,3980,3970
046140,SBS콘텐츠허브,7100,7080
067990,도이치모터스,7070,7050
290520,신도기연,17300,17250
151860,KG ETS,6380,6360
234340,세틀뱅크,32450,32350
067920,이글루시큐리티,6360,6340
118990,모트렉스,5930,5910
126340,비나텍,43350,43200
950170,JTC,5150,5130
218410,RFHIC,38150,38000
084990,헬릭스미스,25800,25700
117730,티로보틱스,9890,9850
111710,남화산업,9690,9650
009620,삼보산업,1225,1220
288620,에스퓨얼셀,33750,33600
322310,오로스테크놀로지,45000,44800
335870,IBKS제12호스팩,2175,2165
212560,네오오토,8540,8500
065710,서호전기,21350,21250
317030,케이비17호스팩,2095,2085
130580,나이스디앤비,10100,10050
001840,이화공영,7400,7360
024060,흥구석유,7250,7210
034950,한국기업평가,88600,88100
096240,청담러닝,25850,25700
042370,비츠로테크,10000,9940
005290,동진쎄미켐,32600,32400
065060,지엔코,983,977
241710,코스메카코리아,16500,16400
027050,코리아나,4775,4745
079970,투비소프트,2390,2375
214150,클래시스,14450,14350
230360,에코마케팅,26300,26100
060570,드림어스컴퍼니,6500,6450
111870,삼본전자,1245,1235
013810,스페코,9910,9830
241770,메카로,12250,12150
226440,한송네오텍,1680,1665
096690,에이루트,6630,6570
264450,유비쿼스,21900,21700
063080,게임빌,49150,48700
091590,남화토건,10700,10600
038390,레드캡투어,21450,21250
307870,상상인이안1호스팩,2120,2100
192250,케이사인,2110,2090
082800,비보존 헬스케어,1525,1510
054180,메디콕스,1480,1465
058630,엠게임,9240,9140
013720,청보산업,13750,13600
226360,KH E&T,2215,2190
307160,하나머스트제6호스팩,2190,2165
067000,조이시티,9490,9380
353490,미래에셋대우스팩 5호,2145,2120
238200,비피도,12450,12300
290740,액트로,10050,9920
032940,원익,5400,5330
092460,한라IMS,7670,7570
222420,쎄노텍,2250,2220
015710,코콤,7420,7320
067290,JW신약,5620,5540
115180,큐리언트,31500,31050
080010,이상네트웍스,7620,7510
126880,제이엔케이히터,7550,7440
037030,파워넷,6180,6090
039440,에스티아이,19900,19600
322510,제이엘케이,9140,9000
045660,에이텍,38900,38300
083650,비에이치아이,4170,4105
143240,사람인에이치알,35200,34650
023440,제일제강,3835,3775
054950,제이브이엠,19050,18750
044060,조광ILI,9270,9120
158430,아톤,24100,23700
095190,이엠코리아,5360,5270
900270,헝셩그룹,596,586
155650,와이엠씨,9400,9240
049520,유아이엘,4250,4175
053110,소리바다,280,275
138690,엘아이에스,5530,5430
084180,수성,2190,2150
138080,오이솔루션,46350,45500
178920,PI첨단소재,45700,44850
050760,에스폴리텍,5670,5560
101330,모베이스,5610,5500
348350,위드텍,45950,45050
100030,모바일리더,22900,22450
265740,엔에프씨,17800,17450
104200,NHN벅스,6550,6420
080580,오킨스전자,29650,29050
045520,크린앤사이언스,27050,26500
043090,큐브앤컴퍼니,2105,2060
086980,쇼박스,4875,4770
113810,디젠스,900,880
119860,다나와,33400,32650
103840,우양,6490,6340
088290,이원컴포텍,7800,7620
353070,에이치엠씨제4호스팩,2130,2080
026150,특수건설,9250,9030
039560,다산네트웍스,10350,10100
010170,대한광통신,3320,3235
095910,에스에너지,6180,6020
234300,에스트래픽,8890,8660
330860,네패스아크,44150,43000
222040,코스맥스엔비티,8390,8170
160550,NEW,13200,12850
025440,대성엘텍,1320,1285
218150,미래생명자원,5220,5080
060900,대한그린파워,2560,2490
196170,알테오젠,89600,87100
211270,AP위성,15700,15250
299910,베스파,28900,28050
046210,파나진,4710,4570
085670,뉴프렉스,1830,1775
265560,영화테크,21150,20500
177350,베셀,6170,5980
007720,대명소노시즌,1455,1410
348210,넥스틴,74300,72000
089980,상아프론테크,52700,51000
297090,씨에스베어링,32450,31400
018310,삼목에스폼,13850,13400
032800,판타지오,123,119
104620,노랑풍선,24300,23500
073570,WI,1505,1455
222110,팬젠,9470,9150
067390,아스트,6390,6170
097800,윈팩,2890,2790
002680,한탑,1720,1660
112040,위메이드,60000,57900
012860,모베이스전자,3235,3120
105330,케이엔더블유,7300,7040
073490,이노와이어리스,50400,48600
038500,삼표시멘트,5780,5570
200130,콜마비앤에이치,55000,53000
021650,한국큐빅,5460,5260
088800,에이스테크,20450,19700
100090,삼강엠앤티,21400,20600
094850,참좋은여행,10700,10300
046940,우원개발,7160,6890
032980,바이온,1445,1390
035610,솔본,9710,9340
208340,파멥신,19600,18850
035900,JYP Ent.,35600,34200
067570,엔브이에이치코리아,5200,4995
066590,우수AMS,6250,6000
041440,현대에버다임,6200,5950
036120,SCI평가정보,4670,4480
089230,THE E&M,1090,1045
051500,CJ프레시웨이,24450,23400
067900,와이엔텍,17500,16750
213420,덕산네오룩스,45250,43300
318020,포인트모바일,25864,24750
245620,EDGC,4950,4735
143540,영우디에스피,2230,2130
092070,디엔에프,22200,21200
317530,캐리소프트,7830,7470
065680,우주일렉트로,27850,26550
267790,배럴,9810,9350
347860,알체라,35200,33550
900280,골든센츄리,442,421
054780,키이스트,17900,17050
094860,네오리진,2200,2095
090740,아이엠이연이,4835,4600
052600,한네트,11200,10650
032500,케이엠더블유,64700,61500
080160,모두투어,22100,21000
228340,동양파일,7100,6740
061250,화일약품,5120,4860
323990,박셀바이오,112000,106300
069920,아이에스이커머스,4000,3795
052420,오성첨단소재,4355,4130
049080,기가레인,2025,1920
190510,나무가,10600,10050
089600,나스미디어,41200,39050
122690,서진오토모티브,2875,2725
051360,토비스,8340,7900
347000,센코,23350,22100
115500,케이씨에스,8720,8250
094170,동운아나텍,11050,10450
052020,에스티큐브,10050,9500
204630,스튜디오산타클로스,3000,2835
037370,EG,11650,11000
148150,세경하이테크,21400,20200
060720,KH바텍,22250,21000
352700,씨앤투스성진,24650,23250
053060,세동,2540,2395
220100,퓨쳐켐,17500,16500
039010,현대통신,11300,10650
033500,동성화인텍,13850,13050
189330,씨이랩,45550,42900
125210,아모그린텍,14550,13700
031860,엔에스엔,1620,1525
064260,다날,8500,8000
219550,MP한강,995,936
078940,코드네이처,2265,2130
216050,인크로스,60300,56700
274090,켄코아에어로스페이스,14150,13300
123010,아이에이네트웍스,2230,2095
950180,SNK,26200,24600
115570,스타플렉스,5870,5510
100130,동국S&C,6780,6360
049180,셀루메드,6600,6190
094480,갤럭시아머니트리,8320,7800
214310,세미콘라이트,1360,1275
222810,마이더스AI,538,504
030190,NICE평가정보,25350,23700
217620,디딤,2130,1990
106520,디지탈옵틱,539,503
008290,원풍물산,2000,1865
246960,이노테라피,16750,15600
052220,iMBC,4620,4290
017000,신원종합개발,8460,7850
353190,엔에이치스팩16호,3110,2880
052710,아모텍,34300,31750
067630,에이치엘비생명과학,11850,10950
047310,파워로직스,8970,8260
052400,코나아이,42200,38850
033560,블루콤,7550,6950
230240,에치에프알,24250,22300
033540,파라텍,9150,8400
246720,아스타,5390,4945
174880,장원테크,981,900
191410,육일씨엔에쓰,3180,2915
317240,TS트릴리온,1475,1350
089150,케이씨티,9110,8330
028300,에이치엘비,39200,35750
099320,쎄트렉아이,61800,56300
006620,동구바이오제약,11000,10000
064850,에프앤가이드,12500,11300
222080,씨아이에스,14400,13000
126640,화신정공,2210,1995
234100,세원,6470,5840
036630,세종텔레콤,893,805
089530,에이티세미콘,358,321
025880,케이씨피드,4575,4095
047920,에이치엘비제약,17100,15300
222980,한국맥널티,11000,9830
110020,전진바이오팜,12000,10700
307280,원바이오젠,2595,2295
053270,구영테크,4870,4300
067730,로지시스,10700,9420
241840,에이스토리,49300,43300
179900,유티아이,20500,18000
063170,서울옥션,17200,14950
035080,인터파크,4865,4215
066790,씨씨에스,1240,1070
014470,부방,4510,3885
046390,삼화네트웍스,5050,4335
064090,에프앤리퍼블릭,315,267
189980,흥국에프엔비,5420,4590
051980,센트럴바이오,2830,2360
087010,펩트론,17750,14800
050890,쏠리드,9040,7460
038110,에코플라스틱,3340,2715
007330,푸른저축은행,23250,18900
340360,유안타제6호스팩,3545,2850
121850,코이즈,6980,5300
083660,CSA 코스믹,1910,1450
224060,코디엠,335,250
333620,엔시스,38000,28200
208860,엔지스테크널러지,3775,2205
102210,에이치디,1100,370
